first_name,last_name,email,gender,age,car,job,favourite_film
1,Mallender,tmallender0@pcworld.com,Female,67,Opel,Senior Editor,Fiat
2,Larn,mlarn1@mapy.cz,Male,51,Opel,Assistant Manager,Renault
3,Evitt,eevitt2@nba.com,Male,72,Opel,Financial Analyst,Renault
4,Lantiff,blantiff3@nationalgeographic.com,Male,40,Mazda,Safety Technician II,Mazda
5,Pitt,cpitt4@51.la,Male,34,Ford,Statistician III,Mazda
6,Blewitt,ablewitt5@cnet.com,Male,34,Ford,Pharmacist,BMW
7,Cross,gcross6@geocities.jp,Female,60,Renault,Structural Engineer,Opel
8,Eakley,eeakley7@scientificamerican.com,Female,53,Renault,Pharmacist,Mazda
9,Grace,mgrace8@indiegogo.com,Female,51,Renault,Assistant Manager,Opel
10,Bentley,dbentley9@usgs.gov,Female,63,Renault,Software Test Engineer IV,Renault
11,Bome,mbomea@senate.gov,Male,74,Renault,Desktop Support Technician,Opel
12,Alesio,ralesiob@wikispaces.com,Female,62,Opel,Sales Associate,Renault
13,Dummer,adummerc@msn.com,Male,55,Opel,Computer Systems Analyst II,Opel
14,Britney,sbritneyd@w3.org,Male,25,Renault,Civil Engineer,Renault
15,Lightbourne,klightbournee@howstuffworks.com,Male,79,Opel,Help Desk Technician,Opel
16,Turgoose,rturgoosef@state.tx.us,Female,35,Mazda,Software Consultant,Opel
17,Petric,cpetricg@weather.com,Female,78,Renault,Research Assistant I,Opel
18,Karpychev,rkarpychevh@posterous.com,Male,77,Renault,Developer IV,Renault
19,Ivanin,aivanini@nytimes.com,Male,33,Fiat,VP Marketing,Renault
20,Petworth,epetworthj@uol.com.br,Female,29,Opel,Safety Technician IV,Opel
